Player,Pos,To,AP1,PB,St,wAV,G,Cmp,Att,Yds,TD,Int,Att,Yds,TD,Rec,Yds,TD,Solo,Int,Sk,-9999
Khalid Abdullah,LB,2003,0,0,0,1,16,0,0,0,0,0,0,0,0,0,0,0,8,,,AbduKh20
Anthony Adams,DT-NT,2011,0,0,4,33,121,0,0,0,0,0,0,0,0,0,0,0,214,,10.5,AdamAn20
Blue Adams,DB,2007,0,0,0,3,50,0,0,0,0,0,0,0,0,0,0,0,45,,1.0,AdamBl20
Charlie Adams,WR,2005,0,0,0,2,24,0,0,0,0,0,5,14,0,21,203,0,4,,,AdamCh00
Sam Aiken,WR,2010,0,0,0,7,95,0,0,0,0,0,0,0,0,48,684,2,38,,,AikeSa00
Brian Allen,RB,2003,0,0,0,0,4,0,0,0,0,0,0,0,0,0,0,0,,,,AlleBr20
David Allen,RB,2005,0,0,0,1,23,0,0,0,0,0,4,8,0,8,68,1,,,,AlleDa00
Kenderick Allen,DT,2006,0,0,0,4,31,0,0,0,0,0,0,0,0,0,0,0,43,,3.0,AlleKe20
Ken Amato,C,2011,0,0,0,14,125,0,0,0,0,0,0,0,0,0,0,0,35,,,AmatKe20
Richard Angulo,TE,2008,0,0,0,2,27,0,0,0,0,0,0,0,0,17,155,1,,,,AnguRi00
Derick Armstrong,WR,2005,0,0,0,6,35,0,0,0,0,0,0,0,0,45,605,2,,,,ArmsDe00
B.J. Askew,FB,2009,0,0,1,4,83,0,0,0,0,0,35,116,2,45,317,0,31,,,AskeB.00
Nnamdi Asomugha,DB,2013,2,3,8,64,157,0,0,0,0,0,0,0,0,0,0,0,356,15,2.0,AsomNn20
James Atkins,DT,2004,0,0,0,3,16,0,0,0,0,0,0,0,0,0,0,0,8,,,AtkiJa21
Brendon Ayanbadejo,LB,2012,0,3,0,25,142,0,0,0,0,0,0,0,0,0,0,0,192,2,4.5,AyanBr99
Roderick Babers,DB,2004,0,0,0,0,7,0,0,0,0,0,0,0,0,0,0,0,8,,,BabeRo20
Boss Bailey,LB,2008,0,0,4,22,64,0,0,0,0,0,0,0,0,0,0,0,226,2,7.0,BailBo20
Tully Banta-Cain,LB,2010,0,0,2,22,113,0,0,0,0,0,0,0,0,0,0,0,176,1,27.5,BantTu20
Brooks Barnard,P,2003,0,0,0,0,1,0,0,0,0,0,0,0,0,0,0,0,,,,BarnBr20
Nick Barnett,LB,2013,0,0,9,60,153,0,0,0,0,0,0,0,0,0,0,0,732,12,20.5,BarnNi20
Solomon Bates,LB,2004,0,0,0,2,17,0,0,0,0,0,0,0,0,0,0,0,25,,,BateSo20
Arnaz Battle,WR,2011,0,0,2,18,113,2,3,27,0,0,22,77,1,178,2150,11,36,,,BattAr00
Julian Battle,DB,2004,0,0,0,2,26,0,0,0,0,0,0,0,0,0,0,0,24,,,BattJu20
Chad Beasley,T,2003,0,0,0,2,8,0,0,0,0,0,0,0,0,0,0,0,,,,BeasCh20
Sean Berton,TE,2005,0,0,1,1,44,0,0,0,0,0,0,0,0,10,81,0,1,,,BertSe00
Erik Bickerstaff,RB,2003,0,0,0,0,4,0,0,0,0,0,19,56,1,0,0,0,1,,,BickEr00
Willie Blade,DT,2004,0,0,1,8,20,0,0,0,0,0,0,0,0,0,0,0,17,,1.0,BladWi20
Leigh Bodden,DB,2011,0,0,5,29,95,0,0,0,0,0,0,0,0,0,0,0,314,18,,BoddLe20
Phil Bogle,G-T,2003,0,0,1,6,15,0,0,0,0,0,0,0,0,0,0,0,,,,BoglPh20
Anquan Boldin,WR,2016,0,3,14,86,202,1,4,-6,0,1,42,229,1,1076,13779,82,,,,BoldAn00
Kyle Boller,QB,2011,0,0,4,16,67,861,1519,8931,48,54,176,572,2,0,0,0,,,,BollKy00
Gary Brackett,LB,2011,0,0,6,39,116,0,0,0,0,0,0,0,0,0,0,0,526,12,4.0,BracGa20
Colin Branch,DB,2006,0,0,1,8,48,0,0,0,0,0,0,0,0,0,0,0,67,4,,BranCo20
Tyler Brayton,DE,2011,0,0,6,40,141,0,0,0,0,0,0,0,0,0,0,0,252,1,17.5,BrayTy20
Kevin Breedlove,G-T,2003,0,0,0,0,1,0,0,0,0,0,0,0,0,0,0,0,,,,BreeKe20
Lance Briggs,LB,2014,1,7,12,98,173,0,0,0,0,0,0,0,0,0,0,0,944,16,15.0,BrigLa99
Jermaine Brooks,DT,2003,0,0,0,0,1,0,0,0,0,0,0,0,0,0,0,0,2,,,BrooJe20
Antonio Brown,WR,2005,0,0,0,1,26,0,0,0,0,0,3,24,0,0,0,0,,,,BrowAn01
Chris Brown,RB,2009,0,0,2,24,68,0,1,0,0,1,722,3024,19,90,741,2,,,,BrowCh03
Chris Brown,DB,2003,0,0,0,0,4,0,0,0,0,0,0,0,0,0,0,0,2,,,BrowCh25
Josh Brown,K,2016,0,1,0,34,201,1,1,36,1,0,0,0,0,0,0,0,23,,,brownjos01
Mark Brown,LB,2005,0,0,1,8,28,0,0,0,0,0,0,0,0,0,0,0,47,2,1.5,BrowMa22
Milford Brown,G,2008,0,0,3,19,53,0,0,0,0,0,0,0,0,0,0,0,,,,BrowMi21
Arland Bruce,WR,2003,0,0,0,0,2,0,0,0,0,0,0,0,0,0,0,0,,,,BrucAr20
Daryon Brutley,DB,2003,0,0,0,0,1,0,0,0,0,0,0,0,0,0,0,0,,,,BrutDa20
Nate Burleson,WR,2013,0,0,9,45,135,0,0,0,0,0,40,257,0,457,5630,39,4,,,BurlNa00
Curry Burns,DB,2006,0,0,0,1,11,0,0,0,0,0,0,0,0,0,0,0,26,1,,BurnCu20
Tyrone Calico,WR,2005,0,0,0,5,27,0,0,0,0,0,1,5,0,42,501,4,,,,CaliTy00
Dwaine Carpenter,DB,2006,0,0,0,6,42,0,0,0,0,0,0,0,0,0,0,0,83,1,2.0,CarpDw20
Kerry Carter,RB,2004,0,0,0,0,32,0,0,0,0,0,7,13,0,0,0,0,13,,,CartKe01
Jacques Cesaire,DE-DT,2011,0,0,3,29,125,0,0,0,0,0,0,0,0,0,0,0,147,,12.5,CesaJa20
Antonio Chatman,WR,2008,0,0,0,10,74,0,0,0,0,0,15,79,0,114,1160,6,,,,ChatAn00
Vinny Ciurciu,LB,2010,0,0,0,9,103,0,0,0,0,0,0,0,0,0,0,0,88,,,CiurVi20
Dallas Clark,TE,2013,1,1,9,51,143,0,0,0,0,0,4,40,0,505,5665,53,1,,,ClarDa00
Kenny Clark,WR,2003,0,0,0,0,1,0,0,0,0,0,0,0,0,0,0,0,,,,ClarKe22
Sherrod Coates,LB,2004,0,0,0,1,21,0,0,0,0,0,0,0,0,0,0,0,7,,,CoatSh20
Avon Cobourne,RB,2003,0,0,0,0,7,0,0,0,0,0,10,27,0,4,30,0,4,,,CoboAv00
Clarence Coleman,WR,2003,0,0,0,1,14,0,0,0,0,0,0,0,0,8,69,0,,,,ColeCl00
Stephen Cooper,LB,2011,0,0,4,33,125,0,0,0,0,0,0,0,0,0,0,0,357,8,9.5,CoopSt20
Chris Crocker,DB,2013,0,0,7,42,151,0,0,0,0,0,1,21,0,0,0,0,427,15,14.5,CrocCh20
Angelo Crowell,LB,2007,0,0,3,18,65,0,0,0,0,0,0,0,0,0,0,0,233,5,7.0,CrowAn20
Dan Curley,FB,2003,0,0,0,0,1,0,0,0,0,0,0,0,0,0,0,0,,,,CurlDa20
Julius Curry,DB,2003,0,0,0,0,3,0,0,0,0,0,0,0,0,0,0,0,2,,,CurrJu20
Kevin Curtis,WR,2010,0,0,3,25,81,0,0,0,0,0,9,39,1,253,3297,20,,,,CurtKe00
Carson Dach,C,2003,0,0,0,2,16,0,0,0,0,0,0,0,0,0,0,0,1,,,DachCa20
Chris Davis,FB,2003,0,0,0,0,1,0,0,0,0,0,0,0,0,0,0,0,,,,DaviCh24
Dorsett Davis,DE-DT,2003,0,0,0,1,14,0,0,0,0,0,0,0,0,0,0,0,11,,,DaviDo23
James Davis,LB,2005,0,0,2,13,40,0,0,0,0,0,0,0,0,0,0,0,101,,3.5,DaviJa24
Sammy Davis,DB,2007,0,0,2,12,71,0,0,0,0,0,0,0,0,0,0,0,147,3,1.0,DaviSa21
Enoch DeMar,G-T,2004,0,0,1,5,20,0,0,0,0,0,0,0,0,0,0,0,,,,DeMaEn20
Kori Dickerson,TE,2003,0,0,0,0,2,0,0,0,0,0,0,0,0,0,0,0,3,,,DickKo20
David Diehl,G-T,2013,0,1,11,67,164,0,0,0,0,0,0,0,0,0,0,0,,,,DiehDa21
Kris Dielman,G,2011,0,4,6,67,120,0,0,0,0,0,0,0,0,0,0,0,,,,DielKr20
Derrick Dockery,G,2012,0,0,7,44,141,0,0,0,0,0,0,0,0,0,0,0,,,,DockDe20
Jon Dorenbos,C,2016,0,2,0,23,201,0,0,0,0,0,0,0,0,0,0,0,29,,,DoreJo20
Mike Doss,DB,2008,0,0,3,17,57,0,0,0,0,0,0,0,0,0,0,0,211,7,1.0,DossMi20
LaTarence Dunbar,WR,2003,0,0,0,0,5,0,0,0,0,0,0,0,0,0,0,0,4,,,DunbLa20
Tim Duncan,K,2003,0,0,0,0,5,0,0,0,0,0,0,0,0,0,0,0,,,,duncatim0
Anthony Dunn,DE,2003,0,0,0,0,2,0,0,0,0,0,0,0,0,0,0,0,1,,,DunnAn20
Terrence Edwards,WR,2003,0,0,0,0,6,0,0,0,0,0,0,0,0,1,10,0,1,,,EdwaTe00
Aaron Elling,K,2005,0,0,0,2,33,0,0,0,0,0,0,0,0,0,0,0,8,,,ellinaar01
Alonzo Ephraim,C,2005,0,0,0,6,43,0,0,0,0,0,0,0,0,0,0,0,,,,EphrAl20
Jeff Faine,C,2012,0,0,8,45,125,0,0,0,0,0,1,0,0,1,-1,0,,,,FainJe20
Justin Fargas,FB,2009,0,0,2,20,92,0,0,0,0,0,827,3369,10,77,523,0,20,,,FargJu00
Jimmy Farris,WR,2007,0,0,0,1,36,0,0,0,0,0,0,0,0,7,118,2,11,,,FarrJi00
Casey Fitzsimmons,TE,2009,0,0,1,6,99,0,0,0,0,0,0,0,0,88,677,5,44,,,FitzCa00
Drayton Florence,DB,2013,0,0,6,34,157,0,0,0,0,0,0,0,0,0,0,0,416,20,,FlorDr20
Anthony Floyd,DB,2004,0,0,0,2,17,0,0,0,0,0,0,0,0,0,0,0,39,,,FloyAn20
Brock Forsey,RB,2004,0,0,0,2,16,0,0,0,0,0,69,244,2,3,37,0,1,,,ForsBr00
DeShaun Foster,RB,2008,0,0,3,32,79,0,1,0,0,0,927,3570,11,142,1129,5,1,,,FostDe00
George Foster,T,2008,0,0,4,31,68,0,0,0,0,0,0,0,0,0,0,0,,,,FostGe20
Aubrayo Franklin,DT,2013,0,0,7,42,142,0,0,0,0,0,0,0,0,0,0,0,195,1,4.0,FranAu20
Brad Franklin,DB,2003,0,0,0,0,4,0,0,0,0,0,0,0,0,0,0,0,3,,,FranBr20
Makoa Freitas,T-G,2004,0,0,0,7,28,0,0,0,0,0,0,0,0,0,0,0,,,,FreiMa20
Mike Furrey,DB-WR,2009,0,0,3,25,94,0,0,0,0,0,3,5,0,221,2298,7,68,4,,FurrMi00
Doug Gabriel,WR,2006,0,0,1,14,57,0,0,0,0,0,3,12,0,101,1550,8,4,,,GabrDo00
Justin Gage,WR,2010,0,0,3,25,100,0,0,0,0,0,0,0,0,201,2958,16,3,,,GageJu00
Antonio Garay,DE,2012,0,0,2,15,56,0,0,0,0,0,0,0,0,0,0,0,94,,9.0,GaraAn20
Talman Gardner,WR,2004,0,0,0,0,21,0,0,0,0,0,0,0,0,4,52,0,11,,,GardTa00
Kevin Garrett,DB,2006,0,0,0,2,24,0,0,0,0,0,0,0,0,0,0,0,20,,,GarrKe20
Antonio Gates,TE,2018,3,8,12,93,236,0,0,0,0,0,0,0,0,955,11841,116,4,,,GateAn00
Akbar Gbaja-Biamila,DE,2007,0,0,0,2,31,0,0,0,0,0,0,0,0,0,0,0,16,,2.0,GbajAk20
Tony Gilbert,LB,2009,0,0,0,6,68,0,0,0,0,0,0,0,0,0,0,0,39,,1.0,GilbTo20
Brandon Gorin,T,2009,0,0,2,15,48,0,0,0,0,0,0,0,0,0,0,0,,,,GoriBr20
Jason Goss,DB,2003,0,0,0,0,4,0,0,0,0,0,0,0,0,0,0,0,1,,,GossJa20
Cie Grant,LB,2003,0,0,0,1,7,0,0,0,0,0,0,0,0,0,0,0,4,,,GranCi20
Quentin Griffin,RB,2004,0,0,0,6,16,0,0,0,0,0,179,656,2,18,129,1,,,,GrifQu00
Justin Griffith,FB,2009,0,0,6,11,96,0,0,0,0,0,94,413,1,141,989,12,,,,GrifJu00
DeJuan Groce,DB,2006,0,0,1,10,54,0,0,0,0,0,0,0,0,0,0,0,116,3,,GrocDe20
Jordan Gross,T,2013,1,3,11,69,167,0,0,0,0,0,0,0,0,0,1,0,,,,GrosJo20
Rex Grossman,QB,2011,0,0,3,23,54,863,1562,10232,56,60,81,106,4,1,-4,0,,,,GrosRe00
Mario Haggan,LB,2012,0,0,2,21,132,0,0,0,0,0,0,0,0,0,0,0,232,1,9.0,HaggMa20
Gibran Hamdan,QB,2003,0,0,0,0,1,1,2,7,0,0,0,0,0,0,0,0,,,,HamdGi00
Lawrence Hamilton,WR,2004,0,0,0,0,6,0,0,0,0,0,0,0,0,0,0,0,,,,HamiLa20
Ken Hamlin,DB,2010,0,1,6,37,107,0,0,0,0,0,0,0,0,0,0,0,378,15,5.0,HamlKe20
Omari Hand,DE,2003,0,0,0,0,1,0,0,0,0,0,0,0,0,0,0,0,2,,,HandOm20
Cortez Hankton,WR,2006,0,0,0,3,46,0,0,0,0,0,0,0,0,34,310,2,9,,,HankCo00
Arlen Harris,RB,2006,0,0,0,6,56,0,0,0,0,0,167,497,6,41,312,0,13,,,HarrAr00
Kwame Harris,T,2008,0,0,3,22,86,0,0,0,0,0,0,0,0,0,0,0,,,,HarrKw20
Clinton Hart,DB,2009,0,0,3,23,99,0,0,0,0,0,0,0,0,0,0,0,264,10,2.0,HartCl20
Jeff Hatch,T,2003,0,0,0,2,4,0,0,0,0,0,0,0,0,0,0,0,,,,HatcJe20
Gerald Hayes,LB,2010,0,0,4,27,94,0,0,0,0,0,0,0,0,0,0,0,349,4,5.5,HayeGe20
Michael Haynes,DE,2005,0,0,0,8,43,0,0,0,0,0,0,0,0,0,0,0,62,1,5.5,HaynMi20
Will Heller,TE,2012,0,0,2,5,134,0,0,0,0,0,0,0,0,92,782,12,8,,,HellWi00
E.J. Henderson,LB,2011,0,1,7,47,125,0,0,0,0,0,0,0,0,0,0,0,559,5,15.5,HendE.20
Artis Hicks,G-T,2011,0,0,4,29,118,0,0,0,0,0,0,0,0,0,0,0,1,,,HickAr20
Brandon Hicks,DT,2003,0,0,0,0,4,0,0,0,0,0,0,0,0,0,0,0,1,,,HickBr20
Dwone Hicks,RB,2003,0,0,0,0,3,0,0,0,0,0,0,0,0,0,0,0,2,,,HickDw20
Hunter Hillenmeyer,LB,2010,0,0,5,34,101,0,0,0,0,0,0,0,0,0,0,0,300,2,7.0,HillHu20
Zachary Hilton,TE,2005,0,0,0,3,18,0,0,0,0,0,0,0,0,35,396,1,,,,HiltZa00
Victor Hobson,LB,2008,0,0,4,26,79,0,0,0,0,0,0,0,0,0,0,0,245,3,11.0,HobsVi20
Montrae Holland,G,2011,0,0,4,30,99,0,0,0,0,0,0,0,0,0,0,0,,,,HollMo20
Tony Hollings,RB,2005,0,0,0,2,23,0,0,0,0,0,49,149,0,7,71,0,2,,,HollTo00
Terrence Holt,DB,2008,0,0,3,18,71,0,0,0,0,0,0,0,0,0,0,0,189,8,0.5,HoltTe20
Roderick Hood,DB,2011,0,0,2,24,102,0,0,0,0,0,0,0,0,0,0,0,232,15,1.0,HoodRo20
Keenan Howry,WR,2005,0,0,0,0,23,0,0,0,0,0,0,0,0,3,18,0,,,,HowrKe00
Jasen Isom,FB,2004,0,0,0,0,7,0,0,0,0,0,1,0,0,1,1,0,1,,,IsomJa00
Ron Israel,DB,2003,0,0,0,0,1,0,0,0,0,0,0,0,0,0,0,0,1,,,IsraRo20
Alonzo Jackson,LB,2005,0,0,0,2,18,0,0,0,0,0,0,0,0,0,0,0,15,,,JackAl23
Nate Jackson,WR,2008,0,0,0,2,41,0,0,0,0,0,0,0,0,27,240,2,14,,,JackNa00
Ray Jackson,RB,2003,0,0,0,0,1,0,0,0,0,0,0,0,0,0,0,0,,,,JackRa21
Taylor Jacobs,WR,2007,0,0,0,2,56,0,0,0,0,0,2,-14,0,37,384,2,9,,,JacoTa00
Bradie James,LB,2012,0,0,8,53,157,0,0,0,0,0,0,0,0,0,0,0,572,2,16.0,JameBr20
Corey Jenkins,LB,2004,0,0,0,1,23,0,0,0,0,0,0,0,0,0,0,0,7,,,JenkCo20
Ade Jimoh,DB,2007,0,0,0,4,69,0,0,0,0,0,0,0,0,0,0,0,55,,,JimoAd20
Andre Johnson,WR,2016,2,7,12,94,193,0,0,0,0,0,23,54,0,1062,14185,70,1,,,JohnAn02
Bethel Johnson,WR,2006,0,0,0,8,50,0,0,0,0,0,7,4,0,39,606,4,7,,,JohnBe00
Bryant Johnson,WR,2011,0,0,4,26,139,0,0,0,0,0,5,-8,0,314,3938,16,6,,,JohnBr02
Eddie Johnson,P,2003,0,0,0,1,14,0,0,0,0,0,2,15,0,0,0,0,1,,,JohnEd22
Jarret Johnson,DE,2014,0,0,9,55,184,0,0,0,0,0,0,0,0,0,0,0,368,3,25.5,JohnJa23
Jeremi Johnson,FB,2009,0,0,4,4,96,0,0,0,0,0,52,149,2,61,310,6,,,,JohnJe00
Larry Johnson,RB,2011,1,2,4,51,85,1,3,4,1,0,1427,6223,55,154,1373,6,1,,,JohnLa00
Robert Johnson,TE,2005,0,0,0,0,3,0,0,0,0,0,0,0,0,1,14,0,,,,JohnRo04
Ron Johnson,DE,2003,0,0,0,0,3,0,0,0,0,0,0,0,0,0,0,0,,,,JohnRo21
Teyo Johnson,TE,2005,0,0,0,2,30,0,0,0,0,0,0,0,0,26,288,3,6,,,JohnTe00
Rushen Jones,DB,2004,0,0,0,1,16,0,0,0,0,0,0,0,0,0,0,0,16,,,JoneRu20
William Joseph,DT,2009,0,0,1,11,69,0,0,0,0,0,0,0,0,0,0,0,73,,7.0,JoseWi20
Cato June,LB,2009,0,1,5,38,89,0,0,0,0,0,0,0,0,0,0,0,354,12,1.0,JuneCa99
Chris Kelsay,DE,2012,0,0,8,46,147,0,0,0,0,0,0,0,0,0,0,0,293,3,32.5,KelsCh21
Jimmy Kennedy,DT,2011,0,0,2,16,92,0,0,0,0,0,0,0,0,0,0,0,107,,8.5,KennJi21
Rashod Kent,TE,2003,0,0,0,0,7,0,0,0,0,0,0,0,0,0,0,0,,,,KentRa20
Terrence Kiel,DB,2006,0,0,3,17,59,0,0,0,0,0,0,0,0,0,0,0,218,4,2.0,KielTe20
Kenny King,DE,2003,0,0,0,1,11,0,0,0,0,0,0,0,0,0,0,0,14,,2.0,KingKe20
David Kircus,WR,2006,0,0,0,3,28,0,0,0,0,0,0,0,0,15,308,1,,,,KircDa00
Kurt Kittner,QB,2003,0,0,0,1,7,44,114,391,2,6,8,13,0,0,0,0,,,,KittKu00
Dan Klecko,DT,2008,0,0,0,8,63,0,0,0,0,0,2,5,0,10,56,1,35,,5.0,KlecDa20
Scott Kooistra,T,2009,0,0,0,6,84,0,0,0,0,0,0,0,0,0,0,0,,,,KooiSc20
Dan Koppen,C,2012,0,1,9,72,136,0,0,0,0,0,0,0,0,0,0,0,,,,KoppDa20
Jordan Kramer,LB,2004,0,0,0,0,6,0,0,0,0,0,0,0,0,0,0,0,1,,,KramJo20
Tron LaFavor,DT,2003,0,0,0,0,4,0,0,0,0,0,0,0,0,0,0,0,2,,,LaFaTr20
Clarence LeBlanc,DB,2003,0,0,0,0,4,0,0,0,0,0,0,0,0,0,0,0,1,,,LeBlCl20
Donald Lee,TE,2011,0,0,5,17,133,0,0,0,0,0,0,0,0,209,1990,19,18,,,LeexDo00
Byron Leftwich,QB,2012,0,0,3,33,60,930,1605,10532,58,42,137,415,10,1,-7,0,,,,LeftBy00
Michael Lehan,DB,2008,0,0,1,9,67,0,0,0,0,0,0,0,0,0,0,0,118,1,1.0,LehaMi20
Matt Leonard,DT,2003,0,0,0,0,4,0,0,0,0,0,0,0,0,0,0,0,,,,LeonMa20
Dwayne Levels,LB,2003,0,0,0,1,13,0,0,0,0,0,0,0,0,0,0,0,10,,,LeveDw20
Greg Lewis,WR,2010,0,0,1,15,116,0,1,0,0,0,6,29,0,152,1992,8,20,,,LewiGr01
Brandon Lloyd,WR,2014,0,1,6,41,142,0,1,0,0,0,1,-18,0,399,5989,36,,,,LloyBr00
Rien Long,DT,2005,0,0,0,5,39,0,0,0,0,0,0,0,0,0,0,0,49,,9.5,LongRi20
Tom Lopienski,FB,2004,0,0,0,0,6,0,0,0,0,0,0,0,0,0,0,0,,,,LopiTo20
Jeremy Loyd,LB,2005,0,0,0,1,14,0,0,0,0,0,0,0,0,0,0,0,9,,,LoydJe20
Wayne Lucier,G-C,2004,0,0,1,9,27,0,0,0,0,0,0,0,0,0,0,0,,,,LuciWa20
Malaefou MacKenzie,FB,2003,0,0,0,0,1,0,0,0,0,0,0,0,0,0,0,0,,,,MacKMa20
Nick Maddox,RB,2003,0,0,0,0,1,0,0,0,0,0,0,0,0,0,0,0,,,,MaddNi20
Adrian Madise,WR,2003,0,0,0,0,11,0,0,0,0,0,1,10,0,2,10,0,1,,,MadiAd00
Sean Mahan,G-C,2009,0,0,3,24,94,0,0,0,0,0,0,0,0,0,0,0,,,,MahaSe20
Reno Mahe,RB,2007,0,0,0,3,55,0,0,0,0,0,47,196,0,33,230,0,11,,,MaheRe00
Ricky Manning,DB,2008,0,0,1,22,84,0,0,0,0,0,0,0,0,0,0,0,223,14,4.0,MannRi20
Vince Manuwai,G,2010,0,0,7,49,111,0,0,0,0,0,0,0,0,1,-1,0,,,,ManuVi20
Seth Marler,K,2003,0,0,0,-1,16,0,0,0,0,0,0,0,0,0,0,0,1,,,marleset01
Jamar Martin,FB,2006,0,0,0,0,25,0,0,0,0,0,4,7,0,6,24,0,1,,,MartJa01
Terrance Martin,DE,2004,0,0,0,1,14,0,0,0,0,0,0,0,0,0,0,0,4,,,MartTe20
Rashean Mathis,DB,2015,1,1,11,64,175,0,0,0,0,0,0,0,0,0,0,0,575,32,1.0,MathRa99
Robert Mathis,DE,2016,1,5,9,67,192,0,0,0,0,0,0,0,0,0,0,0,408,1,123.0,MathRo20
Grant Mattos,WR,2003,0,0,0,0,6,0,0,0,0,0,0,0,0,0,0,0,2,,,MattGr20
Shawn Mayer,DB,2004,0,0,0,1,12,0,0,0,0,0,0,0,0,0,0,0,14,,,MayeSh20
Sultan McCullough,RB,2003,0,0,0,0,1,0,0,0,0,0,1,9,0,3,13,0,,,,McCuSu00
Shaun McDonald,WR,2009,0,0,1,19,88,0,0,0,0,0,11,16,0,220,2490,11,2,,,McDoSh00
Jerome McDougle,DE,2008,0,0,0,3,37,0,0,0,0,0,0,0,0,0,0,0,31,,3.0,McDoJe20
Terrence McGee,DB,2012,0,1,7,49,122,0,0,0,0,0,0,0,0,0,0,0,441,17,3.0,McGeTe99
Billy McMullen,WR,2008,0,0,0,5,49,0,0,0,0,0,0,0,0,52,725,3,4,,,McMuBi00
Quintin Mikell,DB,2013,0,1,6,52,169,0,0,0,0,0,0,0,0,0,0,0,550,12,11.0,MikeQu20
Kawika Mitchell,LB,2010,0,0,6,37,97,0,0,0,0,0,0,0,0,0,0,0,373,6,13.0,MitcKa20
Qasim Mitchell,T-G,2005,0,0,1,5,21,0,0,0,0,0,0,0,0,0,0,0,,,,MitcQa20
Brandon Moore,G,2012,0,1,9,51,144,0,0,0,0,0,0,0,0,0,0,0,,,,MoorBr20
Rashad Moore,DT,2007,0,0,1,11,44,0,0,0,0,0,0,0,0,0,0,0,65,,3.0,MoorRa21
Aaron Moorehead,WR,2007,0,0,0,4,36,0,0,0,0,0,0,0,0,31,330,1,,,,MoorAa00
Kindal Moorehead,DT,2008,0,0,1,14,89,0,0,0,0,0,0,0,0,0,0,0,93,1,10.5,MoorKi20
Dwayne Morgan,T,2003,0,0,0,0,5,0,0,0,0,0,0,0,0,0,0,0,,,,MorgDw20
Ovie Mughelli,FB,2011,0,1,5,6,107,0,0,0,0,0,42,120,1,62,490,6,45,,,MughOv00
Chad Mustard,TE,2008,0,0,0,1,49,0,0,0,0,0,0,0,0,12,123,0,,,,MustCh00
Craig Nall,QB,2007,0,0,0,1,7,30,48,402,5,0,10,11,0,0,0,0,,,,NallCr00
Mike Nattiel,LB,2004,0,0,0,3,32,0,0,0,0,0,0,0,0,0,0,0,44,1,,NattMi20
Spencer Nead,FB,2003,0,0,0,0,10,0,0,0,0,0,0,0,0,1,6,0,7,,,NeadSp00
Larry Ned,RB,2004,0,0,0,0,19,0,0,0,0,0,0,0,0,1,9,0,13,,,NedxLa00
Bruce Nelson,G,2003,0,0,0,2,15,0,0,0,0,0,0,0,0,0,0,0,,,,NelsBr20
Rhett Nelson,DB,2004,0,0,0,0,7,0,0,0,0,0,0,0,0,0,0,0,2,,,NelsRh20
Terence Newman,DB,2017,0,2,15,70,221,0,0,0,0,0,1,4,0,0,0,0,749,42,2.0,NewmTe20
Kendall Newson,WR,2003,0,0,0,1,6,0,0,0,0,0,0,0,0,2,55,0,1,,,NewsKe00
Jim Newton,T,2003,0,0,0,0,3,0,0,0,0,0,0,0,0,0,0,0,,,,NewtJi20
Donnie Nickey,DB,2010,0,0,0,8,123,0,0,0,0,0,1,0,0,1,26,0,86,,1.0,NickDo20
Dennis Norman,C-T,2009,0,0,1,17,74,0,0,0,0,0,0,0,0,0,0,0,,,,NormDe20
Keith O'Neil,LB,2006,0,0,0,4,52,0,0,0,0,0,0,0,0,0,0,0,61,,,ONeiKe20
Joe Odom,LB,2005,0,0,0,6,28,0,0,0,0,0,0,0,0,0,0,0,45,,,OdomJo20
Tony Okanlawon,DB,2003,0,0,0,0,1,0,0,0,0,0,0,0,0,0,0,0,,,,OkanTo20
Shantee Orr,LB,2008,0,0,2,11,65,0,0,0,0,0,0,0,0,0,0,0,90,,10.5,OrrxSh20
Kassim Osgood,WR,2014,0,3,1,8,179,0,0,0,0,0,1,4,0,45,766,5,120,,,OsgoKa00
Calvin Pace,DE,2015,0,0,10,61,187,0,0,0,0,0,0,0,0,0,0,0,470,3,60.0,PaceCa20
Derek Pagel,DB,2004,0,0,0,1,19,0,0,0,0,0,0,0,0,0,0,0,13,,,PageDe20
Antwan Peek,LB,2007,0,0,1,12,65,0,0,0,0,0,0,0,0,0,0,0,91,1,14.0,PeekAn20
Tupe Peko,G-C,2004,0,0,0,9,27,0,0,0,0,0,0,0,0,0,0,0,,,,PekoTu20
Scott Peters,C-G,2003,0,0,0,1,7,0,0,0,0,0,0,0,0,0,0,0,,,,PeteSc20
Kenny Peterson,DT-DE,2009,0,0,1,11,76,0,0,0,0,0,0,0,0,0,0,0,82,,8.0,PeteKe21
Terry Pierce,LB,2004,0,0,0,1,18,0,0,0,0,0,0,0,0,0,0,0,7,,,PierTe20
Shurron Pierson,DE-LB,2004,0,0,0,0,12,0,0,0,0,0,0,0,0,0,0,0,7,,,PierSh20
Cleveland Pinkney,DT,2006,0,0,0,2,17,0,0,0,0,0,0,0,0,0,0,0,16,,1.0,PinkCl20
Artose Pinner,RB,2007,0,0,0,8,47,0,0,0,0,0,250,858,8,39,308,0,8,,,PinnAr00
Andrew Pinnock,FB,2007,0,0,0,1,42,0,0,0,0,0,18,56,0,4,31,0,10,,,PinnAn00
Bryan Pittman,C,2009,0,0,0,11,99,0,0,0,0,0,0,0,0,0,0,0,10,,,PittBr20
Troy Polamalu,DB,2014,4,8,10,96,158,0,0,0,0,0,0,0,0,0,0,0,583,32,12.0,PolaTr99
Willie Ponder,WR,2006,0,0,0,2,38,0,0,0,0,0,2,0,0,8,38,0,4,,,PondWi00
Ryan Pontbriand,C,2011,0,2,0,18,134,0,0,0,0,0,0,0,0,0,0,0,13,,,PontRy20
Jemeel Powell,DB,2003,0,0,0,0,3,0,0,0,0,0,0,0,0,0,0,0,1,,,PoweJe20
Mike Pucillo,G,2007,0,0,1,9,48,0,0,0,0,0,0,0,0,0,0,0,,,,PuciMi20
Brad Pyatt,WR,2004,0,0,0,0,16,0,0,0,0,0,0,0,0,3,14,0,4,,,PyatBr00
Dave Ragone,QB,2003,0,0,0,1,2,20,40,135,0,1,6,51,0,1,-5,0,,,,RagoDa00
Sam Rayburn,DT,2006,0,0,0,8,53,0,0,0,0,0,0,0,0,0,0,0,74,,9.0,RaybSa20
Cory Redding,DE,2015,0,0,10,54,188,0,0,0,0,0,0,0,0,0,0,0,309,2,35.5,ReddCo20
Allen Reese,DT,2003,0,0,0,0,2,0,0,0,0,0,0,0,0,0,0,0,,,,ReesAl21
Gabe Reid,TE,2006,0,0,0,0,30,0,0,0,0,0,0,0,0,7,57,0,8,,,ReidGa00
Joffrey Reynolds,RB,2003,0,0,0,0,4,0,0,0,0,0,0,0,0,0,0,0,1,,,ReynJo20
Terrell Roberts,DB,2004,0,0,0,2,23,0,0,0,0,0,0,0,0,0,0,0,26,1,1.0,RobeTe20
Dewayne Robertson,DT,2008,0,0,6,34,92,0,0,0,0,0,0,0,0,0,0,0,195,,16.0,RobeDe20
Terrence Robinson,LB,2003,0,0,0,0,1,0,0,0,0,0,0,0,0,0,0,0,,,,RobiTe20
Travaris Robinson,DB,2003,0,0,0,1,9,0,0,0,0,0,0,0,0,0,0,0,12,1,,RobiTr20
Jeff Roehl,T,2003,0,0,0,1,12,0,0,0,0,0,0,0,0,0,0,0,,,,RoehJe20
Charles Rogers,WR,2005,0,0,0,4,15,0,0,0,0,0,2,17,0,36,440,4,,,,RogeCh01
Dario Romero,DT,2004,0,0,0,3,22,0,0,0,0,0,0,0,0,0,0,0,18,,3.5,RomeDa20
Robert Royal,TE,2010,0,0,6,9,110,0,0,0,0,0,1,-9,0,128,1271,14,,,,RoyaRo00
Cliff Russell,WR,2008,0,0,0,0,23,0,0,0,0,0,3,15,0,5,45,0,2,,,RussCl00
Asante Samuel,DB,2013,1,4,9,74,157,0,0,0,0,0,0,0,0,0,0,0,398,51,,SamuAs20
Terdell Sands,DT,2009,0,0,1,11,77,0,0,0,0,0,0,0,0,0,0,0,96,1,4.0,SandTe20
Lauvale Sape,DT,2005,0,0,0,1,10,0,0,0,0,0,0,0,0,0,0,0,7,,,SapeLa20
Cecil Sapp,RB,2008,0,0,1,2,61,0,0,0,0,0,51,220,2,24,102,1,22,,,SappCe00
Gerome Sapp,DB,2007,0,0,0,6,67,0,0,0,0,0,0,0,0,0,0,0,94,,2.0,SappGe20
Jake Schifino,WR,2004,0,0,0,0,14,0,0,0,0,0,0,0,0,0,0,0,1,,,SchiJa20
Mike Scifres,P,2015,0,0,0,23,195,1,3,28,0,1,1,-7,0,0,0,0,10,,,ScifMi20
Steve Sciullo,G,2004,0,0,1,13,28,0,0,0,0,0,0,0,0,0,0,0,,,,SciuSt20
Josh Scobey,RB,2007,0,0,0,3,62,0,0,0,0,0,27,89,0,19,200,0,35,,,ScobJo00
Bryan Scott,DB,2012,0,0,3,34,143,0,0,0,0,0,0,0,0,0,0,0,477,11,10.5,ScotBr20
Ian Scott,DT,2009,0,0,3,22,65,0,0,0,0,0,0,0,0,0,0,0,90,1,3.0,ScotIa20
Mike Seidman,TE,2006,0,0,0,1,43,0,0,0,0,0,0,0,0,18,158,2,1,,,SeidMi00
Siddeeq Shabazz,DB,2005,0,0,0,2,28,0,0,0,0,0,0,0,0,0,0,0,18,,,ShabSi20
Scott Shanle,LB,2012,0,0,7,41,133,0,0,0,0,0,0,0,0,0,0,0,416,3,9.0,ShanSc20
Montique Sharpe,DT,2003,0,0,0,0,5,0,0,0,0,0,0,0,0,0,0,0,4,,1.0,SharMo20
Edell Shepherd,WR,2006,0,0,0,1,25,0,0,0,0,0,2,5,0,13,163,1,2,,,ShepEd00
Visanthe Shiancoe,TE,2013,0,0,5,23,149,0,0,0,0,0,0,0,0,245,2679,27,,,,ShiaVi00
Sam Simmons,WR,2003,0,0,0,0,11,0,0,0,0,0,0,0,0,0,0,0,1,,,SimmSa20
Ken Simonton,RB,2003,0,0,0,0,2,0,0,0,0,0,2,4,0,0,0,0,,,,SimoKe00
Chad Slaughter,T,2008,0,0,0,5,49,0,0,0,0,0,0,0,0,0,0,0,,,,SlauCh20
Clifton Smith,LB,2006,0,0,0,0,2,0,0,0,0,0,0,0,0,0,0,0,,,,SmitCl20
Justin Smith,LB,2003,0,0,0,0,5,0,0,0,0,0,0,0,0,0,0,0,3,,,SmitJu21
L.J. Smith,TE,2009,0,0,4,21,98,0,0,0,0,0,0,0,0,233,2556,18,9,,,SmitL.00
Musa Smith,RB,2007,0,0,0,6,49,0,0,0,0,0,132,496,4,54,363,0,23,,,SmitMu00
Onterrio Smith,RB,2004,0,0,0,14,26,0,0,0,0,0,231,1123,7,51,523,2,1,,,SmitOn00
Raonall Smith,LB,2007,0,0,0,6,50,0,0,0,0,0,0,0,0,0,0,0,77,1,2.5,SmitRa20
Wade Smith,T,2014,0,1,6,43,143,0,0,0,0,0,0,0,0,0,0,0,,,,SmitWa21
Zuriel Smith,WR,2003,0,0,0,0,9,0,0,0,0,0,0,0,0,3,46,0,,,,SmitZu00
Ben Sobieski,T,2003,0,0,0,0,1,0,0,0,0,0,0,0,0,0,0,0,,,,SobiBe20
Josh Stamer,LB,2009,0,0,0,6,90,0,0,0,0,0,0,0,0,0,0,0,62,1,,StamJo20
Eric Steinbach,G,2010,0,0,8,48,125,0,0,0,0,0,0,0,0,0,0,0,,,,SteiEr20
Daleroy Stewart,DT,2004,0,0,0,3,26,0,0,0,0,0,0,0,0,0,0,0,19,,1.5,StewDa20
Jon Stinchcomb,T,2010,0,1,5,45,90,0,0,0,0,0,0,0,0,0,0,0,,,,StinJo20
John Stone,WR,2004,0,0,0,1,5,0,0,0,0,0,0,0,0,3,80,0,,,,StonJo00
Donald Strickland,DB,2011,0,0,0,12,89,0,0,0,0,0,0,0,0,0,0,0,204,2,4.0,StriDo20
Russell Stuvaints,DB,2005,0,0,0,2,23,0,0,0,0,0,0,0,0,0,0,0,31,,,StuvRu20
Lee Suggs,RB,2006,0,0,0,8,29,0,0,0,0,0,269,1074,4,28,217,1,6,,,SuggLe00
Terrell Suggs,LB-DE,2019,1,7,15,110,244,0,0,0,0,0,0,0,0,0,0,0,630,7,139.0,SuggTe99
Johnathan Sullivan,DT,2005,0,0,1,10,36,0,0,0,0,0,0,0,0,0,0,0,57,,1.5,SullJo23
Jashon Sykes,LB,2004,0,0,1,5,19,0,0,0,0,0,0,0,0,0,0,0,50,,,SykeJa20
Ike Taylor,DB,2014,0,0,9,53,174,0,0,0,0,0,0,0,0,0,0,0,518,14,3.0,TaylIk20
Chaun Thompson,LB,2009,0,0,2,17,98,0,0,0,0,0,0,0,0,0,0,0,166,,11.5,ThomCh23
Charles Tillman,DB,2015,1,2,11,66,168,0,0,0,0,0,0,0,0,0,0,0,790,38,3.0,TillCh20
Pisa Tinoisamoa,LB,2010,0,0,7,35,98,0,0,0,0,0,0,0,0,0,0,0,400,7,11.0,TinoPi20
LaBrandon Toefield,RB,2007,0,0,0,5,45,1,2,32,0,0,163,572,7,46,277,2,5,,,ToefLa00
Marcus Trufant,DB,2012,0,1,8,49,136,0,0,0,0,0,0,0,0,0,0,0,565,21,2.0,TrufMa20
Torrin Tucker,T-G,2005,0,0,2,12,36,0,0,0,0,0,0,0,0,0,0,0,,,,TuckTo20
David Tyree,WR,2009,0,1,0,5,83,0,0,0,0,0,1,-9,0,54,650,4,65,,,TyreDa00
Osi Umenyiora,DE,2014,1,2,6,63,161,0,0,0,0,0,0,0,0,0,0,0,316,1,85.0,UmenOs99
Mason Unck,LB,2006,0,0,0,4,44,0,0,0,0,0,0,0,0,0,0,0,35,,,UnckMa20
Courtney Van Buren,T,2004,0,0,1,3,9,0,0,0,0,0,0,0,0,0,0,0,,,,VanBCo20
Demetrin Veal,DE,2007,0,0,0,4,37,0,0,0,0,0,0,0,0,0,0,0,43,,2.5,VealDe20
Bobby Wade,WR,2009,0,0,3,22,102,0,0,0,0,0,22,93,0,244,2858,9,2,,,WadeBo00
Aaron Walker,TE,2007,0,0,0,3,55,0,0,0,0,0,0,0,0,25,312,1,8,,,WalkAa00
Frank Walker,DB,2011,0,0,1,14,107,0,0,0,0,0,0,0,0,0,0,0,152,9,,WalkFr20
Taco Wallace,WR,2005,0,0,0,0,4,0,0,0,0,0,0,0,0,0,0,0,,,,WallTa00
Kevin Walter,WR,2012,0,0,6,37,152,0,0,0,0,0,13,82,0,356,4379,25,34,,,WaltKe00
Matt Walters,DE,2003,0,0,0,1,11,0,0,0,0,0,0,0,0,0,0,0,6,,,WaltMa20
Shane Walton,DB,2003,0,0,0,0,4,0,0,0,0,0,0,0,0,0,0,0,2,,,WaltSh20
Seth Wand,T,2008,0,0,1,10,53,0,0,0,0,0,0,0,0,0,0,0,,,,WandSe20
LaShaun Ward,WR,2003,0,0,0,0,1,0,0,0,0,0,0,0,0,0,0,0,,,,WardLa20
Kevin Ware,TE,2004,0,0,0,0,16,0,0,0,0,0,0,0,0,4,26,0,,,,WareKe00
Josh Warner,C-G,2003,0,0,0,1,10,0,0,0,0,0,0,0,0,0,0,0,,,,WarnJo20
Ty Warren,DE-DT,2012,0,0,6,45,107,0,0,0,0,0,0,0,0,0,0,0,254,,20.5,WarrTy20
Kelley Washington,WR,2010,0,0,0,13,91,0,0,0,0,0,3,5,0,120,1500,12,22,,,WashKe00
Dennis Weathersby,DB,2003,0,0,0,0,4,0,0,0,0,0,0,0,0,0,0,0,,,,WeatDe20
Ray Wells,LB,2004,0,0,0,1,22,0,0,0,0,0,0,0,0,0,0,0,8,,,WellRa21
Reggie Wells,G-T,2012,0,0,6,40,120,0,0,0,0,0,0,0,0,0,0,0,,,,WellRe20
Ronyell Whitaker,DB,2007,0,0,0,4,31,0,0,0,0,0,0,0,0,0,0,0,36,,,WhitRo20
Dewayne White,DE,2009,0,0,2,24,96,0,0,0,0,0,0,0,0,0,0,0,168,3,27.0,WhitDe20
Tracy White,LB,2012,0,0,0,11,136,0,0,0,0,0,0,0,0,0,0,0,144,1,1.0,WhitTr20
Keyon Whiteside,LB,2004,0,0,0,0,12,0,0,0,0,0,0,0,0,0,0,0,3,,,WhitKe20
Matt Wilhelm,LB,2010,0,0,1,18,89,0,0,0,0,0,0,0,0,0,0,0,187,6,2.0,WilhMa20
Jimmy Wilkerson,DE,2010,0,0,1,17,119,0,0,0,0,0,0,0,0,0,0,0,142,,14.0,WilkJi20
Andrew Williams,DE,2004,0,0,0,1,9,0,0,0,0,0,0,0,0,0,0,0,10,,,WillAn20
Brock Williams,DB,2004,0,0,0,1,12,0,0,0,0,0,0,0,0,0,0,0,10,,,WillBr26
Domanick Williams,RB,2005,0,0,3,33,40,0,1,0,0,0,770,3195,23,154,1276,5,,,,DaviDo01
Kevin Williams,DT-DE,2015,5,6,12,102,203,0,0,0,0,0,0,0,0,0,0,0,370,5,63.0,WillKe98
Melvin Williams,DE,2004,0,0,0,2,17,0,0,0,0,0,0,0,0,0,0,0,9,,,WillMe20
Sam Williams,DE,2010,0,0,1,13,84,0,0,0,0,0,0,0,0,0,0,0,104,1,1.0,WillSa22
Eugene Wilson,DB,2010,0,0,6,29,96,0,0,0,0,0,0,0,0,0,0,0,313,14,,WilsEu20
Brandon Winey,T,2004,0,0,0,3,24,0,0,0,0,0,0,0,0,0,0,0,,,,WineBr20
Jason Witten,TE,2020,2,11,16,80,271,1,1,42,0,0,0,0,0,1228,13046,74,4,,,WittJa00
Joe Wong,G,2003,0,0,0,0,2,0,0,0,0,0,0,0,0,0,0,0,,,,WongJo20
Andre Woolfolk,DB,2006,0,0,0,6,39,0,0,0,0,0,0,0,0,0,0,0,108,3,,WoolAn20
Cameron Worrell,DB,2008,0,0,0,6,56,0,0,0,0,0,0,0,0,0,0,0,90,,2.0,WorrCa20
George Wrighster,TE,2008,0,0,1,8,67,0,0,0,0,0,0,0,0,94,850,9,3,,,WrigGe00
Billy Yates,G,2010,0,0,0,9,41,0,0,0,0,0,0,0,0,0,0,0,,,,YateBi20
Chris Young,DB,2004,0,0,0,2,21,0,0,0,0,0,0,0,0,0,0,0,5,,,YounCh20
David Young,DB,2003,0,0,0,0,5,0,0,0,0,0,0,0,0,0,0,0,5,,,YounDa20
Walter Young,WR,2006,0,0,0,0,9,0,0,0,0,0,0,0,0,1,17,0,2,,,YounWa00